Datetime,Water Level (m)
2025-10-15 06:00:00,-0.0002551859
2025-10-15 07:00:00,-0.00040923408
2025-10-15 08:00:00,-0.00047739872
2025-10-15 09:00:00,-0.00038943122
2025-10-15 10:00:00,-0.0003033568
2025-10-15 11:00:00,-0.00016956183
2025-10-15 12:00:00,-6.29116e-05
2025-10-15 13:00:00,1.4070807e-05
2025-10-15 14:00:00,3.369559e-05
2025-10-15 15:00:00,1.7517415e-05
2025-10-15 16:00:00,3.607181e-05
2025-10-15 17:00:00,-9.031698e-05
2025-10-15 18:00:00,-0.0002541355
2025-10-15 19:00:00,-0.00047484922
2025-10-15 20:00:00,-0.00062069093
2025-10-15 21:00:00,-0.0007207969
2025-10-15 22:00:00,-0.0006904657
2025-10-15 23:00:00,-0.0005856695
2025-10-16 00:00:00,-0.00049908535
2025-10-16 01:00:00,-0.0004748462
2025-10-16 02:00:00,-0.00052271434
2025-10-16 03:00:00,-0.00054209656
2025-10-16 04:00:00,-0.00064966694
2025-10-16 05:00:00,-0.0008038197
2025-10-16 06:00:00,-0.0010226541
2025-10-16 07:00:00,-0.0011465861
2025-10-16 08:00:00,-0.001266101
2025-10-16 09:00:00,-0.001384205
2025-10-16 10:00:00,-0.0013555423
2025-10-16 11:00:00,-0.0012850878
2025-10-16 12:00:00,-0.0010636182
2025-10-16 13:00:00,-0.00094084785
2025-10-16 14:00:00,-0.0009327555
2025-10-16 15:00:00,-0.0009029179
2025-10-16 16:00:00,0.010583306
2025-10-16 17:00:00,0.019145671
2025-10-16 18:00:00,0.028238753
2025-10-16 19:00:00,0.03665445
2025-10-16 20:00:00,0.04497471
2025-10-16 21:00:00,0.0534973
2025-10-16 22:00:00,0.06237747
2025-10-16 23:00:00,0.06480426
2025-10-17 00:00:00,0.079624064
2025-10-17 01:00:00,0.1331766
2025-10-17 02:00:00,0.12817584
2025-10-17 03:00:00,0.14306925
2025-10-17 04:00:00,0.15555911
2025-10-17 05:00:00,0.16713306
2025-10-17 06:00:00,0.17822559
2025-10-17 07:00:00,0.18930681
2025-10-17 08:00:00,0.20085908
2025-10-17 09:00:00,0.21321025
2025-10-17 10:00:00,0.22636522
2025-10-17 11:00:00,0.24026985
2025-10-17 12:00:00,0.25457358
2025-10-17 13:00:00,0.2687646
2025-10-17 14:00:00,0.28254944
2025-10-17 15:00:00,0.30297878
2025-10-17 16:00:00,0.34601268
2025-10-17 17:00:00,0.38836196
2025-10-17 18:00:00,0.4284351
2025-10-17 19:00:00,0.46656203
2025-10-17 20:00:00,0.5033647
2025-10-17 21:00:00,0.5393954
2025-10-17 22:00:00,0.57484186
2025-10-17 23:00:00,0.6097851
2025-10-18 00:00:00,0.6944585
2025-10-18 01:00:00,0.7700951
2025-10-18 02:00:00,0.8377531
2025-10-18 03:00:00,0.8974983
2025-10-18 04:00:00,0.9506181
2025-10-18 05:00:00,0.9982025
2025-10-18 06:00:00,1.041176
2025-10-18 07:00:00,1.0805497
2025-10-18 08:00:00,1.1172572
2025-10-18 09:00:00,1.1522433
2025-10-18 10:00:00,1.18599
2025-10-18 11:00:00,1.2186993
2025-10-18 12:00:00,1.250182
2025-10-18 13:00:00,1.2801638
2025-10-18 14:00:00,1.3086193
2025-10-18 15:00:00,1.3355646
2025-10-18 16:00:00,1.360484
2025-10-18 17:00:00,1.3741312
2025-10-18 18:00:00,1.3782529
2025-10-18 19:00:00,1.3788651
2025-10-18 20:00:00,1.3782122
2025-10-18 21:00:00,1.3776577
2025-10-18 22:00:00,1.3779984
2025-10-18 23:00:00,1.3794192
2025-10-19 00:00:00,1.3818837
2025-10-19 01:00:00,1.3851005
2025-10-19 02:00:00,1.3885454
2025-10-19 03:00:00,1.3921214
2025-10-19 04:00:00,1.3956163
2025-10-19 05:00:00,1.3987968
2025-10-19 06:00:00,1.4015958
2025-10-19 07:00:00,1.4042534
2025-10-19 08:00:00,1.4072539
2025-10-19 09:00:00,1.4113203
2025-10-19 10:00:00,1.4167718
2025-10-19 11:00:00,1.423615
2025-10-19 12:00:00,1.431369
2025-10-19 13:00:00,1.4395295
2025-10-19 14:00:00,1.4476733
2025-10-19 15:00:00,1.455583
2025-10-19 16:00:00,1.463029
2025-10-19 17:00:00,1.4698441
2025-10-19 18:00:00,1.4759886
2025-10-19 19:00:00,1.4816122
2025-10-19 20:00:00,1.4871478
2025-10-19 21:00:00,1.4933796
2025-10-19 22:00:00,1.5007128
2025-10-19 23:00:00,1.5093032
2025-10-20 00:00:00,1.5189354
2025-10-20 01:00:00,1.528971
2025-10-20 02:00:00,1.5388352
2025-10-20 03:00:00,1.548284
2025-10-20 04:00:00,1.5571417
2025-10-20 05:00:00,1.5651951
2025-10-20 06:00:00,1.572297
2025-10-20 07:00:00,1.5785147
2025-10-20 08:00:00,1.5842624
2025-10-20 09:00:00,1.5902554
2025-10-20 10:00:00,1.5972397
2025-10-20 11:00:00,1.6053041
2025-10-20 12:00:00,1.6140716
2025-10-20 13:00:00,1.6229959
2025-10-20 14:00:00,1.631764
2025-10-20 15:00:00,1.6400065
2025-10-20 16:00:00,1.6475648
2025-10-20 17:00:00,1.6543936
2025-10-20 18:00:00,1.6603403
2025-10-20 19:00:00,1.6653636
2025-10-20 20:00:00,1.6698028
2025-10-20 21:00:00,1.6742703
2025-10-20 22:00:00,1.6796602
2025-10-20 23:00:00,1.6861907
2025-10-21 00:00:00,1.6938639
2025-10-21 01:00:00,1.7021012
2025-10-21 02:00:00,1.7102076
2025-10-21 03:00:00,1.7178516
2025-10-21 04:00:00,1.7248695
2025-10-21 05:00:00,1.7310611
2025-10-21 06:00:00,1.7363286
